<?xml version="1.0" encoding="UTF-8"?>
<plugin-upgrade xmlns="http://www.urbancode.com/UpgradeXMLSchema_v1"
	xmlns:xsi="http://www.w3.org/2001/XMLSchema-instance">	
	
	<migrate to-version="2">	
		<migrate-command name="Start Dynamic Analyzer Scan" old="Start DAST Scan" />
		<migrate-command name="Start Mobile Analyzer Scan" />
	</migrate>
	<migrate to-version="3">	
		<migrate-command name="Start Dynamic Analyzer Scan" />
		<migrate-command name="Start Mobile Analyzer Scan" />
	</migrate>
	<migrate to-version="4">	
		<migrate-command name="Start Dynamic Analyzer Scan" />
		<migrate-command name="Start Mobile Analyzer Scan" />
		<migrate-command name="Start Static Analyzer Scan" />
	</migrate>
	<migrate to-version="5">	
	</migrate>
</plugin-upgrade>
