<?xml version="1.0" encoding="UTF-8"?>
<plugin-upgrade xmlns="http://www.urbancode.com/UpgradeXMLSchema_v1"
	xmlns:xsi="http://www.w3.org/2001/XMLSchema-instance">	
	
	<migrate to-version="2">
	</migrate>
	<migrate to-version="3">
	</migrate>
	<migrate to-version="4">
	</migrate>
	<migrate to-version="5">
		<migrate-command name="Start Dynamic Analyzer ASoC Scan" />
		<migrate-command name="Start Static Analyzer ASoC Scan" />
	</migrate>
	<migrate to-version="6">
		<migrate-command name="Start Dynamic Analyzer ASoC Scan" />
		<migrate-command name="Start Static Analyzer ASoC Scan" />
		<migrate-command name="Start Android Mobile Analyzer ASoC Scan" old="Start Mobile Analyzer Scan" />
	</migrate>
</plugin-upgrade>
