<?xml version="1.0" encoding="UTF-8"?>
<plugin-upgrade xmlns="http://www.urbancode.com/UpgradeXMLSchema_v1"
	xmlns:xsi="http://www.w3.org/2001/XMLSchema-instance">	
	
	<migrate to-version="2">
	</migrate>
	<migrate to-version="3">
	</migrate>
	<migrate to-version="4">
	</migrate>
	<migrate to-version="5">
		<migrate-command name="Start Dynamic Analyzer ASoC Scan" />
		<migrate-command name="Start Static Analyzer ASoC Scan" />
	</migrate>
	<migrate to-version="6">
		<migrate-command name="Start Dynamic Analyzer ASoC Scan" />
		<migrate-command name="Start Static Analyzer ASoC Scan" />
		<migrate-command name="Start Android Mobile Analyzer ASoC Scan" old="Start Mobile Analyzer Scan" />
	</migrate>
	<migrate to-version="7">
		<migrate-command name="Start Dynamic Analyzer ASoC Scan" />
		<migrate-command name="Start Static Analyzer ASoC Scan" />
		<migrate-command name="Start Android Mobile Analyzer ASoC Scan" />
		<migrate-command name="Start iOS Analyzer ASoC Scan" />
	</migrate>
	<migrate to-version="8">
		<migrate-command name="Start Dynamic Analyzer ASoC Scan" >
			<migrate-properties>
         		<migrate-property name="testPolicy" default="Default" />
      		</migrate-properties>
		</migrate-command>
		<migrate-command name="Start Static Analyzer ASoC Scan" />
		<migrate-command name="Start Android Mobile Analyzer ASoC Scan" />
		<migrate-command name="Start iOS Analyzer ASoC Scan" >
			<migrate-properties>
         		<migrate-property name="ipaFileLocation" default="Please place here the location of your ipa file" />
      		</migrate-properties>
		</migrate-command>
	</migrate>
</plugin-upgrade>
